time,delivery_day,actual,predicted,candidate_activation,energy_consistency_selected
2026-03-01 00:30:00,2026-03-01,7.17,220.9685327737372,0.0,False
2026-03-01 01:00:00,2026-03-01,264.74,263.4890712935825,0.0,False
2026-03-01 01:30:00,2026-03-01,267.55,269.3131783739742,0.0,False
2026-03-01 02:00:00,2026-03-01,275.74,273.1381727467743,0.0,False
2026-03-01 02:30:00,2026-03-01,280.08,283.1358044214591,0.0,False
2026-03-01 03:00:00,2026-03-01,279.08,279.13651767070775,0.0,False
2026-03-01 03:30:00,2026-03-01,274.18,273.1337725533262,0.0,False
2026-03-01 04:00:00,2026-03-01,270.17,266.6150146951922,0.0,False
2026-03-01 04:30:00,2026-03-01,268.93,264.61606835281185,0.0,False
2026-03-01 05:00:00,2026-03-01,265.0,264.7443857421105,0.0,False
2026-03-01 05:30:00,2026-03-01,266.37,266.7893014927537,0.0,False
2026-03-01 06:00:00,2026-03-01,272.89,270.83612542192736,0.0,False
2026-03-01 06:30:00,2026-03-01,273.96,268.98811152407325,0.0,False
2026-03-01 07:00:00,2026-03-01,270.82,265.6212281508145,0.0,False
2026-03-01 07:30:00,2026-03-01,271.6,261.558129365365,0.0,False
2026-03-01 08:00:00,2026-03-01,280.23,268.8412888206799,0.0,False
2026-03-01 08:30:00,2026-03-01,232.62,242.61482703415905,0.0,False
2026-03-01 09:00:00,2026-03-01,275.84,248.03133230119187,0.0,False
2026-03-01 09:30:00,2026-03-01,279.31,247.81185849863832,0.0,False
2026-03-01 10:00:00,2026-03-01,281.51,251.7089970259097,0.0,False
2026-03-01 10:30:00,2026-03-01,287.91,245.956039798828,0.0,False
2026-03-01 11:00:00,2026-03-01,286.56,237.92367533489588,0.0,False
2026-03-01 11:30:00,2026-03-01,419.81,291.8955192367198,0.0,False
2026-03-01 12:00:00,2026-03-01,249.51,233.0570294897904,0.0,False
2026-03-01 12:30:00,2026-03-01,274.57,235.6872260376796,0.0,False
2026-03-01 13:00:00,2026-03-01,285.68,145.6023976929006,0.0,False
2026-03-01 13:30:00,2026-03-01,239.73,132.57131834634134,0.563571569821512,False
2026-03-01 14:00:00,2026-03-01,275.3,240.68047963329323,0.0,False
2026-03-01 14:30:00,2026-03-01,275.93,254.9900395777,0.0,False
2026-03-01 15:00:00,2026-03-01,279.26,262.2243687064347,0.0,False
2026-03-01 15:30:00,2026-03-01,283.38,275.18690379536525,0.0,False
2026-03-01 16:00:00,2026-03-01,281.62,271.0717034547916,0.0,False
2026-03-01 16:30:00,2026-03-01,257.42,238.0130729784642,0.0,False
2026-03-01 17:00:00,2026-03-01,250.66,213.5787893682553,0.0,False
2026-03-01 17:30:00,2026-03-01,264.82,218.9089013959604,0.0,False
2026-03-01 18:00:00,2026-03-01,267.08,240.1886933903548,0.0,False
2026-03-01 18:30:00,2026-03-01,269.71,249.91156060685805,0.0,False
2026-03-01 19:00:00,2026-03-01,268.43,250.8837686228871,0.0,False
2026-03-01 19:30:00,2026-03-01,265.6,245.96490306573756,0.0,False
2026-03-01 20:00:00,2026-03-01,267.84,237.85116429201508,0.0,False
2026-03-01 20:30:00,2026-03-01,276.02,248.9442589307376,0.0,False
2026-03-01 21:00:00,2026-03-01,283.97,252.8838304881128,0.0,False
2026-03-01 21:30:00,2026-03-01,283.58,257.8803273509076,0.0,False
2026-03-01 22:00:00,2026-03-01,284.88,263.0365383608484,0.0,False
2026-03-01 22:30:00,2026-03-01,283.1,267.0677579340255,0.0,False
2026-03-01 23:00:00,2026-03-01,286.7,272.90531701278775,0.0,False
2026-03-01 23:30:00,2026-03-01,276.38,258.55499505044247,0.0,False
2026-03-02 00:00:00,2026-03-01,265.14,244.53647358952165,0.0,False
2026-03-02 00:30:00,2026-03-02,259.92,245.34534257416837,0.0,False
2026-03-02 01:00:00,2026-03-02,270.98,285.2370013355072,0.0,False
2026-03-02 01:30:00,2026-03-02,277.58,286.9201807710315,0.0,False
2026-03-02 02:00:00,2026-03-02,280.74,288.7237359874915,0.0,False
2026-03-02 02:30:00,2026-03-02,304.32,298.6058692717391,0.0,False
2026-03-02 03:00:00,2026-03-02,281.52,294.6522249183667,0.0,False
2026-03-02 03:30:00,2026-03-02,274.65,290.77428383846313,0.0,False
2026-03-02 04:00:00,2026-03-02,270.37,286.8970138343412,0.0,False
2026-03-02 04:30:00,2026-03-02,270.0,284.9215250804969,0.0,False
2026-03-02 05:00:00,2026-03-02,268.49,283.0802585307471,0.0,False
2026-03-02 05:30:00,2026-03-02,269.41,285.071192112326,0.0,False
2026-03-02 06:00:00,2026-03-02,271.23,287.1533126422511,0.0,False
2026-03-02 06:30:00,2026-03-02,269.78,287.2432173611201,0.0,False
2026-03-02 07:00:00,2026-03-02,265.58,287.63401962384125,0.0,False
2026-03-02 07:30:00,2026-03-02,271.7,287.73184113488617,0.0,False
2026-03-02 08:00:00,2026-03-02,274.45,287.28393738875315,0.0,False
2026-03-02 08:30:00,2026-03-02,222.36,252.58008003678376,0.0,False
2026-03-02 09:00:00,2026-03-02,269.81,270.13188839026606,0.0,False
2026-03-02 09:30:00,2026-03-02,281.25,280.00281700568365,0.0,False
2026-03-02 10:00:00,2026-03-02,275.05,281.97167061227304,0.0,False
2026-03-02 10:30:00,2026-03-02,272.43,262.08008430272577,0.0,False
2026-03-02 11:00:00,2026-03-02,270.16,262.0039739928161,0.0,False
2026-03-02 11:30:00,2026-03-02,526.18,334.8788122325968,0.0,False
2026-03-02 12:00:00,2026-03-02,266.99,260.64651003656166,0.0,False
2026-03-02 12:30:00,2026-03-02,266.73,284.1080015068118,0.0,False
2026-03-02 13:00:00,2026-03-02,257.14,255.11586395345697,0.0,False
2026-03-02 13:30:00,2026-03-02,81.59,241.1534312522489,0.0,False
2026-03-02 14:00:00,2026-03-02,277.58,276.21205137110684,0.0,False
2026-03-02 14:30:00,2026-03-02,293.15,282.2018875478559,0.0,False
2026-03-02 15:00:00,2026-03-02,279.09,290.2546597480682,0.0,False
2026-03-02 15:30:00,2026-03-02,289.97,296.1697809422359,0.0,False
2026-03-02 16:00:00,2026-03-02,314.0,287.02274838873353,0.0,False
2026-03-02 16:30:00,2026-03-02,137.68,276.7003478632653,0.0,False
2026-03-02 17:00:00,2026-03-02,19.21,268.7399147106854,0.0,False
2026-03-02 17:30:00,2026-03-02,218.72,271.000668226414,0.0,False
2026-03-02 18:00:00,2026-03-02,263.22,277.2138821855437,0.0,False
2026-03-02 18:30:00,2026-03-02,291.56,281.23985202006253,0.0,False
2026-03-02 19:00:00,2026-03-02,234.74,279.2435565556053,0.0,False
2026-03-02 19:30:00,2026-03-02,271.08,279.37066737269663,0.0,False
2026-03-02 20:00:00,2026-03-02,282.11,279.1292566463963,0.0,False
2026-03-02 20:30:00,2026-03-02,302.6,283.0787959489207,0.0,False
2026-03-02 21:00:00,2026-03-02,302.6,287.1923813202541,0.0,False
2026-03-02 21:30:00,2026-03-02,293.58,287.35399364817243,0.0,False
2026-03-02 22:00:00,2026-03-02,280.46,289.27421038157087,0.0,False
2026-03-02 22:30:00,2026-03-02,268.06,291.2281284088874,0.0,False
2026-03-02 23:00:00,2026-03-02,295.11,293.3725234256229,0.0,False
2026-03-02 23:30:00,2026-03-02,171.01,289.5473790417161,0.0,False
2026-03-03 00:00:00,2026-03-02,9.05,277.61584315258955,0.0,False
2026-03-03 00:30:00,2026-03-03,-33.57,-26.353181108895345,0.5970682500714872,True
2026-03-03 01:00:00,2026-03-03,75.67,237.4045967940671,0.0,False
2026-03-03 01:30:00,2026-03-03,-33.33,239.91843665271472,0.0,False
2026-03-03 02:00:00,2026-03-03,210.22,253.6916414691279,0.0,False
2026-03-03 02:30:00,2026-03-03,285.16,274.8298765265362,0.0,False
2026-03-03 03:00:00,2026-03-03,273.37,268.5816113759625,0.0,False
2026-03-03 03:30:00,2026-03-03,286.21,264.35643825302634,0.0,False
2026-03-03 04:00:00,2026-03-03,275.29,257.30748730410323,0.0,False
2026-03-03 04:30:00,2026-03-03,260.53,254.32491626584425,0.0,False
2026-03-03 05:00:00,2026-03-03,243.8,253.13014801421235,0.0,False
2026-03-03 05:30:00,2026-03-03,248.46,255.89099193503495,0.0,False
2026-03-03 06:00:00,2026-03-03,260.0,260.887808193938,0.0,False
2026-03-03 06:30:00,2026-03-03,264.73,263.13523855559515,0.0,False
2026-03-03 07:00:00,2026-03-03,286.48,265.3456962538013,0.0,False
2026-03-03 07:30:00,2026-03-03,297.63,267.4575097015123,0.0,False
2026-03-03 08:00:00,2026-03-03,299.21,269.181792826799,0.0,False
2026-03-03 08:30:00,2026-03-03,288.52,242.12489468319723,0.0,False
2026-03-03 09:00:00,2026-03-03,273.81,258.2781820326785,0.0,False
2026-03-03 09:30:00,2026-03-03,305.39,262.86967387256846,0.0,False
2026-03-03 10:00:00,2026-03-03,303.07,261.0956782323214,0.0,False
2026-03-03 10:30:00,2026-03-03,241.31,253.18148235785307,0.0,False
2026-03-03 11:00:00,2026-03-03,-9.17,-1.0,0.537307779572982,True
2026-03-03 11:30:00,2026-03-03,616.05,343.9476630862637,0.0,False
2026-03-03 12:00:00,2026-03-03,247.5,226.0791566397765,0.5670328481788234,False
2026-03-03 12:30:00,2026-03-03,388.86,238.07946477634255,0.5384526505617608,False
2026-03-03 13:00:00,2026-03-03,138.29,229.68204635695204,0.5301276290992418,False
2026-03-03 13:30:00,2026-03-03,-94.6,-1.0,0.6408083015863344,True
2026-03-03 14:00:00,2026-03-03,156.67,255.30842255789847,0.0,False
2026-03-03 14:30:00,2026-03-03,299.64,269.15035087167263,0.0,False
2026-03-03 15:00:00,2026-03-03,270.79,271.34781450460184,0.0,False
2026-03-03 15:30:00,2026-03-03,164.05,271.3636999319918,0.0,False
2026-03-03 16:00:00,2026-03-03,268.52,271.24613953159457,0.0,False
2026-03-03 16:30:00,2026-03-03,297.12,250.04072237103964,0.557497989594031,False
2026-03-03 17:00:00,2026-03-03,274.12,190.94062290797245,0.6216432168754429,False
2026-03-03 17:30:00,2026-03-03,286.95,212.8914872468982,0.6037511743326569,False
2026-03-03 18:00:00,2026-03-03,265.13,258.35019801435874,0.0,False
2026-03-03 18:30:00,2026-03-03,274.38,261.37764144899614,0.0,False
2026-03-03 19:00:00,2026-03-03,288.27,255.3851472048767,0.0,False
2026-03-03 19:30:00,2026-03-03,25.0,253.3455758417704,0.0,False
2026-03-03 20:00:00,2026-03-03,35.0,250.1911137749231,0.0,False
2026-03-03 20:30:00,2026-03-03,285.38,257.21130325239784,0.0,False
2026-03-03 21:00:00,2026-03-03,277.24,263.17026172742635,0.0,False
2026-03-03 21:30:00,2026-03-03,281.89,267.0069557770016,0.0,False
2026-03-03 22:00:00,2026-03-03,279.04,271.7401487654258,0.0,False
2026-03-03 22:30:00,2026-03-03,267.55,273.69153741441755,0.0,False
2026-03-03 23:00:00,2026-03-03,269.67,275.68357792836133,0.0,False
2026-03-03 23:30:00,2026-03-03,265.07,258.8137939716567,0.0,False
2026-03-04 00:00:00,2026-03-03,253.86,228.52810211035347,0.5110055885925288,False
2026-03-04 00:30:00,2026-03-04,159.28,215.54991270076437,0.5739244391081526,False
2026-03-04 01:00:00,2026-03-04,257.22,271.8194415977963,0.0,False
2026-03-04 01:30:00,2026-03-04,260.0,281.7430982455203,0.0,False
2026-03-04 02:00:00,2026-03-04,265.37,284.9964224543018,0.0,False
2026-03-04 02:30:00,2026-03-04,267.19,291.30069703313825,0.0,False
2026-03-04 03:00:00,2026-03-04,265.05,285.05276666749546,0.0,False
2026-03-04 03:30:00,2026-03-04,263.67,281.1029913694609,0.0,False
2026-03-04 04:00:00,2026-03-04,260.17,275.1268926495495,0.0,False
2026-03-04 04:30:00,2026-03-04,260.0,275.14157807583376,0.0,False
2026-03-04 05:00:00,2026-03-04,260.0,271.203482501886,0.0,False
2026-03-04 05:30:00,2026-03-04,260.0,273.1961955106365,0.0,False
2026-03-04 06:00:00,2026-03-04,263.67,277.1974018958004,0.0,False
2026-03-04 06:30:00,2026-03-04,265.0,279.884691278132,0.0,False
2026-03-04 07:00:00,2026-03-04,267.68,283.9896855656652,0.0,False
2026-03-04 07:30:00,2026-03-04,280.05,293.5082502633647,0.0,False
2026-03-04 08:00:00,2026-03-04,289.8,293.1460530037113,0.0,False
2026-03-04 08:30:00,2026-03-04,234.26,267.23723284732614,0.0,False
2026-03-04 09:00:00,2026-03-04,272.42,287.19467693918205,0.0,False
2026-03-04 09:30:00,2026-03-04,276.92,293.2698587364324,0.0,False
2026-03-04 10:00:00,2026-03-04,267.95,297.007068554858,0.0,False
2026-03-04 10:30:00,2026-03-04,263.01,298.9043932440999,0.0,False
2026-03-04 11:00:00,2026-03-04,257.57,283.0284344268937,0.0,False
2026-03-04 11:30:00,2026-03-04,394.42,417.32350982524383,0.0,False
2026-03-04 12:00:00,2026-03-04,262.68,274.6851085675189,0.0,False
2026-03-04 12:30:00,2026-03-04,272.49,292.7189749600177,0.0,False
2026-03-04 13:00:00,2026-03-04,276.29,267.09704388729,0.0,False
2026-03-04 13:30:00,2026-03-04,183.42,199.12209175051493,0.620740628263614,False
2026-03-04 14:00:00,2026-03-04,261.3,270.91111988937394,0.0,False
2026-03-04 14:30:00,2026-03-04,265.0,290.7242360631294,0.0,False
2026-03-04 15:00:00,2026-03-04,262.72,294.16821924503586,0.0,False
2026-03-04 15:30:00,2026-03-04,261.02,302.1575261875744,0.0,False
2026-03-04 16:00:00,2026-03-04,266.51,308.21073003095324,0.0,False
2026-03-04 16:30:00,2026-03-04,265.73,296.30669399143443,0.0,False
2026-03-04 17:00:00,2026-03-04,264.83,272.37078753722045,0.0,False
2026-03-04 17:30:00,2026-03-04,262.43,284.416087055882,0.0,False
2026-03-04 18:00:00,2026-03-04,268.73,286.4305238918534,0.0,False
2026-03-04 18:30:00,2026-03-04,273.89,286.4410150822045,0.0,False
2026-03-04 19:00:00,2026-03-04,271.63,280.0652523235669,0.0,False
2026-03-04 19:30:00,2026-03-04,267.47,272.446571859646,0.0,False
2026-03-04 20:00:00,2026-03-04,267.1,272.4276232089892,0.0,False
2026-03-04 20:30:00,2026-03-04,275.24,283.7013181580152,0.0,False
2026-03-04 21:00:00,2026-03-04,279.33,286.4301377272922,0.0,False
2026-03-04 21:30:00,2026-03-04,279.94,286.2470507671146,0.0,False
2026-03-04 22:00:00,2026-03-04,279.84,288.2043298495892,0.0,False
2026-03-04 22:30:00,2026-03-04,277.17,290.26085794151976,0.0,False
2026-03-04 23:00:00,2026-03-04,278.05,296.416202417065,0.0,False
2026-03-04 23:30:00,2026-03-04,267.56,288.324005719203,0.0,False
2026-03-05 00:00:00,2026-03-04,258.74,260.40239856133985,0.0,False
2026-03-05 00:30:00,2026-03-05,258.28,244.33996833925988,0.0,False
2026-03-05 01:00:00,2026-03-05,267.01,278.1156891271352,0.0,False
2026-03-05 01:30:00,2026-03-05,271.34,280.14225942373054,0.0,False
2026-03-05 02:00:00,2026-03-05,274.67,274.1222625903557,0.0,False
2026-03-05 02:30:00,2026-03-05,275.45,276.17207218256334,0.0,False
2026-03-05 03:00:00,2026-03-05,271.67,268.11478999926334,0.0,False
2026-03-05 03:30:00,2026-03-05,266.15,262.2523824405972,0.0,False
2026-03-05 04:00:00,2026-03-05,265.13,260.92997240550034,0.0,False
2026-03-05 04:30:00,2026-03-05,264.88,264.6232512036312,0.0,False
2026-03-05 05:00:00,2026-03-05,261.47,262.6671556139172,0.0,False
2026-03-05 05:30:00,2026-03-05,263.67,264.33361181659814,0.0,False
2026-03-05 06:00:00,2026-03-05,265.75,266.37061722288206,0.0,False
2026-03-05 06:30:00,2026-03-05,270.43,270.39348785027704,0.0,False
2026-03-05 07:00:00,2026-03-05,277.53,272.9424506371024,0.0,False
2026-03-05 07:30:00,2026-03-05,268.34,279.4590515365667,0.0,False
2026-03-05 08:00:00,2026-03-05,326.05,313.1769622477641,0.0,False
2026-03-05 08:30:00,2026-03-05,288.01,273.0177060956933,0.0,False
2026-03-05 09:00:00,2026-03-05,294.17,297.2690262165277,0.0,False
2026-03-05 09:30:00,2026-03-05,288.15,303.2284902698718,0.0,False
2026-03-05 10:00:00,2026-03-05,281.06,303.22179517897644,0.0,False
2026-03-05 10:30:00,2026-03-05,276.1,297.2764000286272,0.0,False
2026-03-05 11:00:00,2026-03-05,272.1,259.2093019547389,0.0,False
2026-03-05 11:30:00,2026-03-05,398.34,565.843929466364,0.0,False
2026-03-05 12:00:00,2026-03-05,219.24,265.3156707426835,0.0,False
2026-03-05 12:30:00,2026-03-05,266.75,279.3433545530427,0.0,False
2026-03-05 13:00:00,2026-03-05,269.54,252.30262298841356,0.0,False
2026-03-05 13:30:00,2026-03-05,194.21,145.9917478882715,0.6066651426935517,False
2026-03-05 14:00:00,2026-03-05,266.88,258.39021687487025,0.0,False
2026-03-05 14:30:00,2026-03-05,274.73,283.3649933510987,0.0,False
2026-03-05 15:00:00,2026-03-05,278.43,281.3187882649643,0.0,False
2026-03-05 15:30:00,2026-03-05,269.46,281.14268205552264,0.0,False
2026-03-05 16:00:00,2026-03-05,275.99,281.42857641288015,0.0,False
2026-03-05 16:30:00,2026-03-05,268.84,257.2462415713793,0.0,False
2026-03-05 17:00:00,2026-03-05,270.0,245.72263722819272,0.0,False
2026-03-05 17:30:00,2026-03-05,283.05,265.6204761156369,0.0,False
2026-03-05 18:00:00,2026-03-05,284.27,273.6164568711232,0.0,False
2026-03-05 18:30:00,2026-03-05,284.83,281.6821382426669,0.0,False
2026-03-05 19:00:00,2026-03-05,284.67,277.6091231192425,0.0,False
2026-03-05 19:30:00,2026-03-05,283.67,265.56091345236786,0.0,False
2026-03-05 20:00:00,2026-03-05,284.81,267.23747251741685,0.0,False
2026-03-05 20:30:00,2026-03-05,288.42,302.99151156670524,0.0,False
2026-03-05 21:00:00,2026-03-05,287.12,302.94515134324183,0.0,False
2026-03-05 21:30:00,2026-03-05,285.07,306.983029424064,0.0,False
2026-03-05 22:00:00,2026-03-05,282.8,299.22923482397624,0.0,False
2026-03-05 22:30:00,2026-03-05,286.64,293.23154236218966,0.0,False
2026-03-05 23:00:00,2026-03-05,287.35,297.1856083210692,0.0,False
2026-03-05 23:30:00,2026-03-05,275.56,265.18545434170534,0.0,False
2026-03-06 00:00:00,2026-03-05,267.5,249.95553893718775,0.0,False
2026-03-06 00:30:00,2026-03-06,284.0,260.6582997727617,0.0,False
2026-03-06 01:00:00,2026-03-06,273.98,266.66930865516525,0.0,False
2026-03-06 01:30:00,2026-03-06,267.85,266.6833914831768,0.0,False
2026-03-06 02:00:00,2026-03-06,285.86,280.6816899089344,0.0,False
2026-03-06 02:30:00,2026-03-06,285.0,282.6754781909669,0.0,False
2026-03-06 03:00:00,2026-03-06,271.72,280.67941342784746,0.0,False
2026-03-06 03:30:00,2026-03-06,273.99,276.67096541656616,0.0,False
2026-03-06 04:00:00,2026-03-06,268.85,272.66527241178227,0.0,False
2026-03-06 04:30:00,2026-03-06,269.45,273.41680595541004,0.0,False
2026-03-06 05:00:00,2026-03-06,268.19,273.420072754462,0.0,False
2026-03-06 05:30:00,2026-03-06,268.05,273.4160973899821,0.0,False
2026-03-06 06:00:00,2026-03-06,255.74,276.80140299266407,0.0,False
2026-03-06 06:30:00,2026-03-06,257.39,279.0054313849656,0.0,False
2026-03-06 07:00:00,2026-03-06,255.93,285.37692040868194,0.0,False
2026-03-06 07:30:00,2026-03-06,258.12,289.3797146685011,0.0,False
2026-03-06 08:00:00,2026-03-06,243.78,297.3077023343022,0.0,False
2026-03-06 08:30:00,2026-03-06,267.75,275.4015094076238,0.0,False
2026-03-06 09:00:00,2026-03-06,269.89,283.45366031624377,0.0,False
2026-03-06 09:30:00,2026-03-06,270.32,285.30607516588407,0.0,False
2026-03-06 10:00:00,2026-03-06,263.34,281.42206610963746,0.0,False
2026-03-06 10:30:00,2026-03-06,251.45,250.425692093243,0.0,False
2026-03-06 11:00:00,2026-03-06,0.83,198.67108096937775,0.5145652368074556,False
2026-03-06 11:30:00,2026-03-06,287.94,397.113858308335,0.0,False
2026-03-06 12:00:00,2026-03-06,4.49,244.47467818159728,0.0,False
2026-03-06 12:30:00,2026-03-06,140.4,302.80191525227053,0.0,False
2026-03-06 13:00:00,2026-03-06,185.6,241.2900991899324,0.0,False
2026-03-06 13:30:00,2026-03-06,-160.37,-1.0,0.617488681067786,True
2026-03-06 14:00:00,2026-03-06,-172.14,241.7775730745095,0.0,False
2026-03-06 14:30:00,2026-03-06,111.19,273.4690802019397,0.0,False
2026-03-06 15:00:00,2026-03-06,229.07,265.24521412848054,0.0,False
2026-03-06 15:30:00,2026-03-06,260.65,254.62169793235995,0.0,False
2026-03-06 16:00:00,2026-03-06,392.59,283.63108560921125,0.0,False
2026-03-06 16:30:00,2026-03-06,263.17,281.4035710394064,0.0,False
2026-03-06 17:00:00,2026-03-06,272.89,281.527332657923,0.0,False
2026-03-06 17:30:00,2026-03-06,277.33,283.645098250385,0.0,False
2026-03-06 18:00:00,2026-03-06,279.56,285.38037692420994,0.0,False
2026-03-06 18:30:00,2026-03-06,282.53,289.4210894628213,0.0,False
2026-03-06 19:00:00,2026-03-06,285.57,287.3884769109297,0.0,False
2026-03-06 19:30:00,2026-03-06,284.24,273.4093780461245,0.0,False
2026-03-06 20:00:00,2026-03-06,283.88,273.38184555639083,0.0,False
2026-03-06 20:30:00,2026-03-06,280.46,287.4053070884862,0.0,False
2026-03-06 21:00:00,2026-03-06,275.79,289.35831041841107,0.0,False
2026-03-06 21:30:00,2026-03-06,269.25,291.4934214425341,0.0,False
2026-03-06 22:00:00,2026-03-06,268.31,291.4475249595003,0.0,False
2026-03-06 22:30:00,2026-03-06,288.22,293.6638405917064,0.0,False
2026-03-06 23:00:00,2026-03-06,324.94,293.6335357131012,0.0,False
2026-03-06 23:30:00,2026-03-06,304.97,285.63877095107745,0.0,False
2026-03-07 00:00:00,2026-03-06,281.0,277.6393654832532,0.0,False
2026-03-07 00:30:00,2026-03-07,269.93,267.3299697621767,0.0,False
2026-03-07 01:00:00,2026-03-07,272.32,271.25089861142703,0.0,False
2026-03-07 01:30:00,2026-03-07,266.62,270.93216200400985,0.0,False
2026-03-07 02:00:00,2026-03-07,270.63,274.78903690921555,0.0,False
2026-03-07 02:30:00,2026-03-07,269.61,274.8124239300233,0.0,False
2026-03-07 03:00:00,2026-03-07,267.24,272.8108910120616,0.0,False
2026-03-07 03:30:00,2026-03-07,268.2,271.0903877797123,0.0,False
2026-03-07 04:00:00,2026-03-07,265.53,267.1930471885568,0.0,False
2026-03-07 04:30:00,2026-03-07,264.18,265.19046558641946,0.0,False
2026-03-07 05:00:00,2026-03-07,265.0,265.2109017965078,0.0,False
2026-03-07 05:30:00,2026-03-07,265.4,267.2375566937853,0.0,False
2026-03-07 06:00:00,2026-03-07,268.83,268.92710598121585,0.0,False
2026-03-07 06:30:00,2026-03-07,264.71,271.29348475002234,0.0,False
2026-03-07 07:00:00,2026-03-07,269.15,273.4956571462209,0.0,False
2026-03-07 07:30:00,2026-03-07,281.66,275.6633434981341,0.0,False
2026-03-07 08:00:00,2026-03-07,281.41,277.2294925260101,0.0,False
2026-03-07 08:30:00,2026-03-07,200.02,229.2154247498488,0.0,False
2026-03-07 09:00:00,2026-03-07,249.97,232.16576075457243,0.0,False
2026-03-07 09:30:00,2026-03-07,221.53,216.71530302017425,0.0,False
2026-03-07 10:00:00,2026-03-07,27.5,205.72384745187296,0.0,False
2026-03-07 10:30:00,2026-03-07,107.0,178.9264336488262,0.0,False
2026-03-07 11:00:00,2026-03-07,-51.34,-97.51380574152412,0.714496833349453,True
2026-03-07 11:30:00,2026-03-07,74.21,313.193894277765,0.0,False
2026-03-07 12:00:00,2026-03-07,-200.0,-1.0,0.5957925543328221,True
2026-03-07 12:30:00,2026-03-07,-200.0,-1.0,0.5360618920089085,True
2026-03-07 13:00:00,2026-03-07,-200.0,-1.0,0.5536319844019768,True
2026-03-07 13:30:00,2026-03-07,-200.0,-185.77801465649557,0.8444638486949942,True
2026-03-07 14:00:00,2026-03-07,-200.0,-12.534021449258232,0.7245758268157887,True
2026-03-07 14:30:00,2026-03-07,-200.0,-1.0,0.6079530807634536,True
2026-03-07 15:00:00,2026-03-07,-200.0,208.99438016920485,0.0,False
2026-03-07 15:30:00,2026-03-07,-166.67,203.63396838221365,0.0,False
2026-03-07 16:00:00,2026-03-07,256.36,269.5802005469902,0.0,False
2026-03-07 16:30:00,2026-03-07,248.1,277.5174058671611,0.0,False
2026-03-07 17:00:00,2026-03-07,283.31,281.293630020093,0.0,False
2026-03-07 17:30:00,2026-03-07,274.62,283.28630053486336,0.0,False
2026-03-07 18:00:00,2026-03-07,266.44,283.46530766998484,0.0,False
2026-03-07 18:30:00,2026-03-07,271.11,285.3316206933509,0.0,False
2026-03-07 19:00:00,2026-03-07,293.76,283.46924015620925,0.0,False
2026-03-07 19:30:00,2026-03-07,289.83,283.4396866260632,0.0,False
2026-03-07 20:00:00,2026-03-07,285.17,281.3933651987168,0.0,False
2026-03-07 20:30:00,2026-03-07,287.9,283.4875035295221,0.0,False
2026-03-07 21:00:00,2026-03-07,287.41,281.4917289951885,0.0,False
2026-03-07 21:30:00,2026-03-07,285.63,279.9269451882439,0.0,False
2026-03-07 22:00:00,2026-03-07,296.53,281.94950936918946,0.0,False
2026-03-07 22:30:00,2026-03-07,292.73,283.9542310427773,0.0,False
2026-03-07 23:00:00,2026-03-07,298.69,287.9687380074025,0.0,False
2026-03-07 23:30:00,2026-03-07,288.27,286.01181856406595,0.0,False
2026-03-08 00:00:00,2026-03-07,277.47,281.9896551170345,0.0,False
2026-03-08 00:30:00,2026-03-08,278.18,277.86833555470207,0.0,False
2026-03-08 01:00:00,2026-03-08,280.57,277.7607170209196,0.0,False
2026-03-08 01:30:00,2026-03-08,280.0,277.7344403529652,0.0,False
2026-03-08 02:00:00,2026-03-08,276.45,277.6092965101442,0.0,False
2026-03-08 02:30:00,2026-03-08,275.85,279.6373500160011,0.0,False
2026-03-08 03:00:00,2026-03-08,272.98,277.6298373370732,0.0,False
2026-03-08 03:30:00,2026-03-08,271.6,275.6733933191292,0.0,False
2026-03-08 04:00:00,2026-03-08,270.52,275.6514975854029,0.0,False
2026-03-08 04:30:00,2026-03-08,270.0,275.6690430669887,0.0,False
2026-03-08 05:00:00,2026-03-08,268.5,275.81669857202814,0.0,False
2026-03-08 05:30:00,2026-03-08,269.01,275.8394580795927,0.0,False
2026-03-08 06:00:00,2026-03-08,269.48,277.8852723929244,0.0,False
2026-03-08 06:30:00,2026-03-08,271.67,277.8714827145602,0.0,False
2026-03-08 07:00:00,2026-03-08,280.31,279.899234785582,0.0,False
2026-03-08 07:30:00,2026-03-08,295.26,279.60826162660373,0.0,False
2026-03-08 08:00:00,2026-03-08,307.86,283.92642502806103,0.0,False
2026-03-08 08:30:00,2026-03-08,295.61,266.18537626837065,0.0,False
2026-03-08 09:00:00,2026-03-08,288.71,272.17804780064955,0.0,False
2026-03-08 09:30:00,2026-03-08,303.35,270.17663271055767,0.0,False
2026-03-08 10:00:00,2026-03-08,296.67,261.7619465091979,0.0,False
2026-03-08 10:30:00,2026-03-08,300.17,267.86425132539125,0.0,False
2026-03-08 11:00:00,2026-03-08,281.85,247.1265419749372,0.0,False
2026-03-08 11:30:00,2026-03-08,382.78,331.0124037820256,0.0,False
2026-03-08 12:00:00,2026-03-08,201.95,-1.0,0.5637506880419149,True
2026-03-08 12:30:00,2026-03-08,243.51,227.7875451698045,0.0,False
2026-03-08 13:00:00,2026-03-08,31.55,230.9944504518799,0.0,False
2026-03-08 13:30:00,2026-03-08,-200.0,-1.0,0.6588711292488713,True
2026-03-08 14:00:00,2026-03-08,-200.0,-1.0,0.6462393416807638,True
2026-03-08 14:30:00,2026-03-08,32.85,-1.0,0.5966105065120804,True
2026-03-08 15:00:00,2026-03-08,253.17,231.5029655612815,0.0,False
2026-03-08 15:30:00,2026-03-08,255.0,242.5496656913,0.0,False
2026-03-08 16:00:00,2026-03-08,256.34,269.5999078694562,0.0,False
2026-03-08 16:30:00,2026-03-08,266.95,268.94396793473385,0.0,False
2026-03-08 17:00:00,2026-03-08,273.14,272.812274595385,0.0,False
2026-03-08 17:30:00,2026-03-08,272.81,277.2346044512954,0.0,False
2026-03-08 18:00:00,2026-03-08,275.75,277.42749649155985,0.0,False
2026-03-08 18:30:00,2026-03-08,280.22,279.694798648953,0.0,False
2026-03-08 19:00:00,2026-03-08,282.98,281.6171573028032,0.0,False
2026-03-08 19:30:00,2026-03-08,284.96,281.4736299889486,0.0,False
2026-03-08 20:00:00,2026-03-08,285.33,283.6012464678427,0.0,False
2026-03-08 20:30:00,2026-03-08,292.42,283.4569047686094,0.0,False
2026-03-08 21:00:00,2026-03-08,294.34,285.49542960445785,0.0,False
2026-03-08 21:30:00,2026-03-08,302.74,285.7480262982007,0.0,False
2026-03-08 22:00:00,2026-03-08,301.27,282.3952199306792,0.0,False
2026-03-08 22:30:00,2026-03-08,302.17,284.5310941657248,0.0,False
2026-03-08 23:00:00,2026-03-08,309.75,286.52696965194457,0.0,False
2026-03-08 23:30:00,2026-03-08,296.66,280.49608957118727,0.0,False
2026-03-09 00:00:00,2026-03-08,282.24,276.4636389650074,0.0,False
2026-03-09 00:30:00,2026-03-09,276.76,281.5487665345791,0.0,False
2026-03-09 01:00:00,2026-03-09,287.18,282.9657664120671,0.0,False
2026-03-09 01:30:00,2026-03-09,298.07,284.9465520907794,0.0,False
2026-03-09 02:00:00,2026-03-09,301.13,286.72561267248665,0.0,False
2026-03-09 02:30:00,2026-03-09,304.52,284.71311568546986,0.0,False
2026-03-09 03:00:00,2026-03-09,291.64,282.6992382569226,0.0,False
2026-03-09 03:30:00,2026-03-09,285.07,280.7957690093025,0.0,False
2026-03-09 04:00:00,2026-03-09,282.88,278.7276047637245,0.0,False
2026-03-09 04:30:00,2026-03-09,280.02,276.73001565828,0.0,False
2026-03-09 05:00:00,2026-03-09,280.0,276.9495744360911,0.0,False
2026-03-09 05:30:00,2026-03-09,281.42,279.0230087556285,0.0,False
2026-03-09 06:00:00,2026-03-09,287.19,280.8940390869706,0.0,False
2026-03-09 06:30:00,2026-03-09,288.4,281.0453829613334,0.0,False
2026-03-09 07:00:00,2026-03-09,288.42,287.3253073196572,0.0,False
2026-03-09 07:30:00,2026-03-09,284.64,292.15045199867467,0.0,False
2026-03-09 08:00:00,2026-03-09,298.98,298.2300281491516,0.0,False
2026-03-09 08:30:00,2026-03-09,269.74,296.23084752735906,0.0,False
2026-03-09 09:00:00,2026-03-09,275.86,293.71282380084614,0.0,False
2026-03-09 09:30:00,2026-03-09,275.71,297.5614308125694,0.0,False
2026-03-09 10:00:00,2026-03-09,196.57,273.47081182937166,0.0,False
2026-03-09 10:30:00,2026-03-09,256.3,273.56485773942893,0.0,False
2026-03-09 11:00:00,2026-03-09,24.19,-1.0,0.5081332494600269,True
2026-03-09 11:30:00,2026-03-09,307.73,305.49205893953297,0.0,False
2026-03-09 12:00:00,2026-03-09,-71.54,-82.78475417597836,0.6620425668740846,True
2026-03-09 12:30:00,2026-03-09,-133.62,-1.0,0.531091307835642,True
2026-03-09 13:00:00,2026-03-09,-200.0,-28.60298438846982,0.6526442634520145,True
2026-03-09 13:30:00,2026-03-09,-200.0,-150.39511738302832,0.6933284313089865,True
2026-03-09 14:00:00,2026-03-09,-200.0,-133.5797718906264,0.684775859304823,True
2026-03-09 14:30:00,2026-03-09,-200.0,-1.0,0.5419927187430513,True
2026-03-09 15:00:00,2026-03-09,-54.16,223.72532534980465,0.0,False
2026-03-09 15:30:00,2026-03-09,170.17,248.601131082178,0.0,False
2026-03-09 16:00:00,2026-03-09,263.66,325.7562831834399,0.0,False
2026-03-09 16:30:00,2026-03-09,268.19,282.6204179417758,0.0,False
2026-03-09 17:00:00,2026-03-09,266.7,284.41447654122265,0.0,False
2026-03-09 17:30:00,2026-03-09,273.72,286.6864818241073,0.0,False
2026-03-09 18:00:00,2026-03-09,284.0,286.1349752184788,0.0,False
2026-03-09 18:30:00,2026-03-09,292.21,290.046146289439,0.0,False
2026-03-09 19:00:00,2026-03-09,300.53,292.234836685206,0.0,False
2026-03-09 19:30:00,2026-03-09,293.09,293.10131372103484,0.0,False
2026-03-09 20:00:00,2026-03-09,284.97,293.1175485606417,0.0,False
2026-03-09 20:30:00,2026-03-09,289.56,292.7220659874832,0.0,False
2026-03-09 21:00:00,2026-03-09,294.04,294.57305704386226,0.0,False
2026-03-09 21:30:00,2026-03-09,299.12,296.11860094444427,0.0,False
2026-03-09 22:00:00,2026-03-09,292.36,298.6360506336196,0.0,False
2026-03-09 22:30:00,2026-03-09,288.61,302.85250052981786,0.0,False
2026-03-09 23:00:00,2026-03-09,297.54,308.1020498333473,0.0,False
2026-03-09 23:30:00,2026-03-09,291.28,301.7145286620859,0.0,False
2026-03-10 00:00:00,2026-03-09,281.29,293.8236222548905,0.0,False
2026-03-10 00:30:00,2026-03-10,273.16,279.7847367074208,0.0,False
2026-03-10 01:00:00,2026-03-10,274.59,275.36530816752,0.0,False
2026-03-10 01:30:00,2026-03-10,273.11,275.2990182348585,0.0,False
2026-03-10 02:00:00,2026-03-10,273.97,277.4456436166347,0.0,False
2026-03-10 02:30:00,2026-03-10,274.86,277.5348070934021,0.0,False
2026-03-10 03:00:00,2026-03-10,272.24,277.4345756683005,0.0,False
2026-03-10 03:30:00,2026-03-10,270.28,274.98329000621254,0.0,False
2026-03-10 04:00:00,2026-03-10,270.48,275.23702159992126,0.0,False
2026-03-10 04:30:00,2026-03-10,270.0,275.2390029638228,0.0,False
2026-03-10 05:00:00,2026-03-10,270.0,275.5335892081641,0.0,False
2026-03-10 05:30:00,2026-03-10,270.59,275.5478397340371,0.0,False
2026-03-10 06:00:00,2026-03-10,274.77,277.67585690336205,0.0,False
2026-03-10 06:30:00,2026-03-10,279.37,279.60065148973086,0.0,False
2026-03-10 07:00:00,2026-03-10,313.64,283.83926549661976,0.0,False
2026-03-10 07:30:00,2026-03-10,288.42,284.10440188192746,0.0,False
2026-03-10 08:00:00,2026-03-10,277.45,284.09832105174814,0.0,False
2026-03-10 08:30:00,2026-03-10,186.43,204.8221230869457,0.6006839551584783,False
2026-03-10 09:00:00,2026-03-10,238.37,193.9267308377807,0.58254039458667,False
2026-03-10 09:30:00,2026-03-10,159.11,179.02606679009736,0.640628685379076,False
2026-03-10 10:00:00,2026-03-10,0.0,127.97896336812737,0.6540056059168334,False
2026-03-10 10:30:00,2026-03-10,-166.67,162.47033484106353,0.6636931032122625,False
2026-03-10 11:00:00,2026-03-10,-200.0,45.235041150383296,0.7874506993661623,False
2026-03-10 11:30:00,2026-03-10,-193.38,203.5920950684985,0.628445220999214,False
2026-03-10 12:00:00,2026-03-10,-200.0,0.0,0.8044710836813567,False
2026-03-10 12:30:00,2026-03-10,-200.0,0.0,0.8048667438131358,False
2026-03-10 13:00:00,2026-03-10,-200.0,0.0,0.8229014683997274,False
2026-03-10 13:30:00,2026-03-10,-200.0,-198.68917966537848,0.8332430651177003,True
2026-03-10 14:00:00,2026-03-10,-200.0,-197.02493886591296,0.8355873198624404,True
2026-03-10 14:30:00,2026-03-10,-200.0,0.0,0.8159036701730973,False
2026-03-10 15:00:00,2026-03-10,-38.07,26.47941432081861,0.7908151700652017,False
2026-03-10 15:30:00,2026-03-10,248.51,97.61622194379012,0.7814516605608897,False
2026-03-10 16:00:00,2026-03-10,258.98,235.76659511884804,0.5248734918328744,False
2026-03-10 16:30:00,2026-03-10,275.83,261.0331773254027,0.0,False
2026-03-10 17:00:00,2026-03-10,284.0,272.96026920577026,0.0,False
2026-03-10 17:30:00,2026-03-10,286.4,274.68041055487544,0.0,False
2026-03-10 18:00:00,2026-03-10,298.04,276.71216077943524,0.0,False
2026-03-10 18:30:00,2026-03-10,323.06,284.5705806313123,0.0,False
2026-03-10 19:00:00,2026-03-10,330.68,290.6959633964753,0.0,False
2026-03-10 19:30:00,2026-03-10,335.58,288.73659002501864,0.0,False
2026-03-10 20:00:00,2026-03-10,321.68,284.65230366592414,0.0,False
2026-03-10 20:30:00,2026-03-10,340.62,288.7681558246183,0.0,False
2026-03-10 21:00:00,2026-03-10,348.64,290.84680131057405,0.0,False
2026-03-10 21:30:00,2026-03-10,344.06,293.3647238797074,0.0,False
2026-03-10 22:00:00,2026-03-10,345.41,295.31506617606965,0.0,False
2026-03-10 22:30:00,2026-03-10,328.54,297.33171764555107,0.0,False
2026-03-10 23:00:00,2026-03-10,342.94,301.3615447507985,0.0,False
2026-03-10 23:30:00,2026-03-10,317.26,295.65631775267605,0.0,False
2026-03-11 00:00:00,2026-03-10,294.6,287.5859547717045,0.0,False
2026-03-11 00:30:00,2026-03-11,283.76,294.1988563804021,0.0,False
2026-03-11 01:00:00,2026-03-11,283.19,291.76201160941514,0.0,False
2026-03-11 01:30:00,2026-03-11,280.02,291.3909056685573,0.0,False
2026-03-11 02:00:00,2026-03-11,275.92,291.35090713890503,0.0,False
2026-03-11 02:30:00,2026-03-11,276.68,293.30072489465624,0.0,False
2026-03-11 03:00:00,2026-03-11,275.01,291.3496927271018,0.0,False
2026-03-11 03:30:00,2026-03-11,274.28,287.59757207150346,0.0,False
2026-03-11 04:00:00,2026-03-11,273.56,283.1785964304153,0.0,False
2026-03-11 04:30:00,2026-03-11,270.72,283.28844240888475,0.0,False
2026-03-11 05:00:00,2026-03-11,271.83,283.39258880064205,0.0,False
2026-03-11 05:30:00,2026-03-11,274.47,285.54957957056223,0.0,False
2026-03-11 06:00:00,2026-03-11,275.96,289.6747443402187,0.0,False
2026-03-11 06:30:00,2026-03-11,285.18,299.76958661121205,0.0,False
2026-03-11 07:00:00,2026-03-11,330.02,315.41569341075046,0.0,False
2026-03-11 07:30:00,2026-03-11,317.47,312.54122405155505,0.0,False
2026-03-11 08:00:00,2026-03-11,284.36,312.3457981482895,0.0,False
2026-03-11 08:30:00,2026-03-11,223.13,234.59700087769303,0.0,False
2026-03-11 09:00:00,2026-03-11,250.91,234.6935039590815,0.0,False
2026-03-11 09:30:00,2026-03-11,246.83,193.9909846197573,0.6353807252362009,False
2026-03-11 10:00:00,2026-03-11,243.67,106.18553948913038,0.7743634758771726,False
2026-03-11 10:30:00,2026-03-11,231.4,78.12286381559511,0.7813449966026822,False
2026-03-11 11:00:00,2026-03-11,161.21,0.0,0.8010089312014399,False
2026-03-11 11:30:00,2026-03-11,223.86,27.15549986605646,0.7908710467297064,False
2026-03-11 12:00:00,2026-03-11,-23.95,0.0,0.8227968168138944,False
2026-03-11 12:30:00,2026-03-11,109.28,0.0,0.840256245463596,False
2026-03-11 13:00:00,2026-03-11,70.17,0.0,0.8461805116816068,False
2026-03-11 13:30:00,2026-03-11,-200.0,-197.0825152781844,0.8486129983306537,True
2026-03-11 14:00:00,2026-03-11,-200.0,-195.4532115644345,0.8474178391900988,True
2026-03-11 14:30:00,2026-03-11,-200.0,0.0,0.8362711639325048,False
2026-03-11 15:00:00,2026-03-11,236.65,17.290834701186707,0.7918078722849955,False
2026-03-11 15:30:00,2026-03-11,247.15,182.66045491948708,0.6446425076123847,False
2026-03-11 16:00:00,2026-03-11,257.46,243.8006064230136,0.0,False
2026-03-11 16:30:00,2026-03-11,269.43,267.69521879562643,0.0,False
2026-03-11 17:00:00,2026-03-11,275.36,277.8122633568238,0.0,False
2026-03-11 17:30:00,2026-03-11,275.36,283.79633609198254,0.0,False
2026-03-11 18:00:00,2026-03-11,286.94,293.6317174648748,0.0,False
2026-03-11 18:30:00,2026-03-11,305.6,309.88520836642914,0.0,False
2026-03-11 19:00:00,2026-03-11,312.74,319.20421078842514,0.0,False
2026-03-11 19:30:00,2026-03-11,298.6,315.24088694976626,0.0,False
2026-03-11 20:00:00,2026-03-11,289.15,312.7577732711891,0.0,False
2026-03-11 20:30:00,2026-03-11,301.92,315.7007597757662,0.0,False
2026-03-11 21:00:00,2026-03-11,306.35,323.2960048548457,0.0,False
2026-03-11 21:30:00,2026-03-11,316.63,327.1879231978706,0.0,False
2026-03-11 22:00:00,2026-03-11,321.86,327.18706521449576,0.0,False
2026-03-11 22:30:00,2026-03-11,326.3,327.1857361654199,0.0,False
2026-03-11 23:00:00,2026-03-11,336.07,329.1783837228663,0.0,False
2026-03-11 23:30:00,2026-03-11,302.37,316.8542722651304,0.0,False
2026-03-12 00:00:00,2026-03-11,288.02,305.9230423975513,0.0,False
2026-03-12 00:30:00,2026-03-12,276.72,289.778933968644,0.0,False
2026-03-12 01:00:00,2026-03-12,272.73,290.1165388555291,0.0,False
2026-03-12 01:30:00,2026-03-12,272.42,291.5740396944962,0.0,False
2026-03-12 02:00:00,2026-03-12,272.19,287.59934132756143,0.0,False
2026-03-12 02:30:00,2026-03-12,268.73,287.4660140546743,0.0,False
2026-03-12 03:00:00,2026-03-12,267.83,283.39748006899174,0.0,False
2026-03-12 03:30:00,2026-03-12,268.03,281.62436872943897,0.0,False
2026-03-12 04:00:00,2026-03-12,267.9,277.642236571865,0.0,False
2026-03-12 04:30:00,2026-03-12,265.0,277.5527049377896,0.0,False
2026-03-12 05:00:00,2026-03-12,265.0,275.7067983204267,0.0,False
2026-03-12 05:30:00,2026-03-12,265.42,275.90795521163375,0.0,False
2026-03-12 06:00:00,2026-03-12,264.92,279.961905972914,0.0,False
2026-03-12 06:30:00,2026-03-12,284.12,295.84039861976805,0.0,False
2026-03-12 07:00:00,2026-03-12,291.09,317.4601388052278,0.0,False
2026-03-12 07:30:00,2026-03-12,261.06,309.20957608852603,0.0,False
2026-03-12 08:00:00,2026-03-12,304.12,294.7311931823272,0.0,False
2026-03-12 08:30:00,2026-03-12,226.21,227.78569030384296,0.0,False
2026-03-12 09:00:00,2026-03-12,252.49,227.69872148780243,0.0,False
2026-03-12 09:30:00,2026-03-12,246.27,224.8213442650365,0.0,False
2026-03-12 10:00:00,2026-03-12,220.85,-1.0,0.5632826174555721,True
2026-03-12 10:30:00,2026-03-12,15.93,-1.0,0.5968356090935101,True
2026-03-12 11:00:00,2026-03-12,-200.0,-91.13804206117564,0.7817028679901921,True
2026-03-12 11:30:00,2026-03-12,-200.0,-1.0,0.6216040724144659,True
2026-03-12 12:00:00,2026-03-12,-200.0,-188.92211675866923,0.8809268818410905,True
2026-03-12 12:30:00,2026-03-12,-200.0,-191.0796811446172,0.8989680611735791,True
2026-03-12 13:00:00,2026-03-12,-200.0,-191.97675088082596,0.9021094576717076,True
2026-03-12 13:30:00,2026-03-12,-200.0,-191.41374818441665,0.8983221925655447,True
2026-03-12 14:00:00,2026-03-12,-200.0,-191.53677347511075,0.9037515544841656,True
2026-03-12 14:30:00,2026-03-12,-200.0,-188.6261296061861,0.8885975967485151,True
2026-03-12 15:00:00,2026-03-12,-115.62,-1.0,0.5604991579943432,True
2026-03-12 15:30:00,2026-03-12,250.0,269.6921224930534,0.0,False
2026-03-12 16:00:00,2026-03-12,258.12,279.64207060800214,0.0,False
2026-03-12 16:30:00,2026-03-12,275.85,283.6062980312412,0.0,False
2026-03-12 17:00:00,2026-03-12,289.84,287.72708562914767,0.0,False
2026-03-12 17:30:00,2026-03-12,283.52,289.5893170816814,0.0,False
2026-03-12 18:00:00,2026-03-12,299.01,301.55562172064566,0.0,False
2026-03-12 18:30:00,2026-03-12,323.49,321.1945954505754,0.0,False
2026-03-12 19:00:00,2026-03-12,338.98,329.1616256126659,0.0,False
2026-03-12 19:30:00,2026-03-12,320.91,319.18284554367887,0.0,False
2026-03-12 20:00:00,2026-03-12,305.36,309.5378149635677,0.0,False
2026-03-12 20:30:00,2026-03-12,298.34,313.71786078073245,0.0,False
2026-03-12 21:00:00,2026-03-12,295.97,317.2897180994264,0.0,False
2026-03-12 21:30:00,2026-03-12,291.69,313.72706495481026,0.0,False
2026-03-12 22:00:00,2026-03-12,287.35,315.6992020547793,0.0,False
2026-03-12 22:30:00,2026-03-12,287.43,319.3226789188188,0.0,False
2026-03-12 23:00:00,2026-03-12,294.51,321.3203599112481,0.0,False
2026-03-12 23:30:00,2026-03-12,279.5,303.87303586862845,0.0,False
2026-03-13 00:00:00,2026-03-12,276.24,283.9327377462604,0.0,False
2026-03-13 00:30:00,2026-03-13,266.41,266.15823153918626,0.0,False
2026-03-13 01:00:00,2026-03-13,270.04,265.69602739051703,0.0,False
2026-03-13 01:30:00,2026-03-13,265.11,267.3454131808586,0.0,False
2026-03-13 02:00:00,2026-03-13,266.37,265.7291242426496,0.0,False
2026-03-13 02:30:00,2026-03-13,266.99,267.6934061901795,0.0,False
2026-03-13 03:00:00,2026-03-13,267.0,267.70616867639467,0.0,False
2026-03-13 03:30:00,2026-03-13,266.0,267.88687486376017,0.0,False
2026-03-13 04:00:00,2026-03-13,263.3,263.86522852449764,0.0,False
2026-03-13 04:30:00,2026-03-13,263.03,263.977947232838,0.0,False
2026-03-13 05:00:00,2026-03-13,261.83,266.0089367278918,0.0,False
2026-03-13 05:30:00,2026-03-13,265.7,267.92006288398926,0.0,False
2026-03-13 06:00:00,2026-03-13,264.31,273.9599468883331,0.0,False
2026-03-13 06:30:00,2026-03-13,272.82,289.72559354549264,0.0,False
2026-03-13 07:00:00,2026-03-13,276.67,307.8444079314639,0.0,False
2026-03-13 07:30:00,2026-03-13,280.76,285.853556991297,0.0,False
2026-03-13 08:00:00,2026-03-13,280.72,277.91534622420284,0.0,False
2026-03-13 08:30:00,2026-03-13,221.55,193.89079393295376,0.0,False
2026-03-13 09:00:00,2026-03-13,252.57,186.8360124054334,0.0,False
2026-03-13 09:30:00,2026-03-13,247.18,-1.0,0.5760670086327486,True
2026-03-13 10:00:00,2026-03-13,232.41,-96.74112141093644,0.7862545611858256,True
2026-03-13 10:30:00,2026-03-13,233.12,-186.9235824994742,0.8473448546326372,True
2026-03-13 11:00:00,2026-03-13,-130.55,-197.47001779913708,0.9220244251540916,True
2026-03-13 11:30:00,2026-03-13,-124.23,-197.0479435550352,0.89876753314833,True
2026-03-13 12:00:00,2026-03-13,-200.0,-198.872703129362,0.9292966492462658,True
2026-03-13 12:30:00,2026-03-13,-200.0,-198.366491789582,0.9382698812931264,True
2026-03-13 13:00:00,2026-03-13,-184.98,-198.47012446011783,0.9412716849759032,True
2026-03-13 13:30:00,2026-03-13,-193.75,-199.00615367441648,0.9487395700049024,True
2026-03-13 14:00:00,2026-03-13,-200.0,-198.91692140833948,0.9512506156097408,True
2026-03-13 14:30:00,2026-03-13,-126.96,-197.9867334452708,0.93704623290739,True
2026-03-13 15:00:00,2026-03-13,236.87,-55.01127055620402,0.757025306834348,True
2026-03-13 15:30:00,2026-03-13,269.99,244.4796301019619,0.0,False
2026-03-13 16:00:00,2026-03-13,275.98,259.874681891944,0.0,False
2026-03-13 16:30:00,2026-03-13,290.33,267.8746850829342,0.0,False
2026-03-13 17:00:00,2026-03-13,297.4,277.78258283996735,0.0,False
2026-03-13 17:30:00,2026-03-13,300.13,281.7271796769313,0.0,False
2026-03-13 18:00:00,2026-03-13,294.81,285.4301964559745,0.0,False
2026-03-13 18:30:00,2026-03-13,311.21,309.1597157689268,0.0,False
2026-03-13 19:00:00,2026-03-13,314.42,317.3145769554562,0.0,False
2026-03-13 19:30:00,2026-03-13,300.64,311.1391388518853,0.0,False
2026-03-13 20:00:00,2026-03-13,299.75,303.20241530475965,0.0,False
2026-03-13 20:30:00,2026-03-13,301.27,310.71304614833707,0.0,False
2026-03-13 21:00:00,2026-03-13,297.9,315.6722943931614,0.0,False
2026-03-13 21:30:00,2026-03-13,296.59,313.885391949072,0.0,False
2026-03-13 22:00:00,2026-03-13,299.45,315.9003631895308,0.0,False
2026-03-13 22:30:00,2026-03-13,307.4,319.3623355903479,0.0,False
2026-03-13 23:00:00,2026-03-13,322.85,325.1875722720349,0.0,False
2026-03-13 23:30:00,2026-03-13,313.72,309.9849065514405,0.0,False
2026-03-14 00:00:00,2026-03-13,293.89,290.01693333185455,0.0,False
2026-03-14 00:30:00,2026-03-14,284.47,281.9635737346753,0.0,False
2026-03-14 01:00:00,2026-03-14,288.33,277.97109988788253,0.0,False
2026-03-14 01:30:00,2026-03-14,283.67,275.84628267438484,0.0,False
2026-03-14 02:00:00,2026-03-14,279.8,271.84015935385315,0.0,False
2026-03-14 02:30:00,2026-03-14,275.64,271.7848489683977,0.0,False
2026-03-14 03:00:00,2026-03-14,272.56,273.8216083512707,0.0,False
2026-03-14 03:30:00,2026-03-14,271.0,271.9548686185956,0.0,False
2026-03-14 04:00:00,2026-03-14,270.84,267.98327168039634,0.0,False
2026-03-14 04:30:00,2026-03-14,270.0,267.9480870420961,0.0,False
2026-03-14 05:00:00,2026-03-14,270.0,268.01061624299405,0.0,False
2026-03-14 05:30:00,2026-03-14,270.36,270.0127117256145,0.0,False
2026-03-14 06:00:00,2026-03-14,274.55,272.0091461937588,0.0,False
2026-03-14 06:30:00,2026-03-14,285.0,282.0073243775531,0.0,False
2026-03-14 07:00:00,2026-03-14,301.0,297.648198636071,0.0,False
2026-03-14 07:30:00,2026-03-14,298.33,298.0293641638329,0.0,False
2026-03-14 08:00:00,2026-03-14,284.13,291.780746878436,0.0,False
2026-03-14 08:30:00,2026-03-14,220.71,214.5892215984881,0.0,False
2026-03-14 09:00:00,2026-03-14,249.29,238.9712008569707,0.0,False
2026-03-14 09:30:00,2026-03-14,223.49,253.4784951551456,0.0,False
2026-03-14 10:00:00,2026-03-14,138.52,244.52598165287063,0.0,False
2026-03-14 10:30:00,2026-03-14,-33.33,-1.0,0.6254073637756119,True
2026-03-14 11:00:00,2026-03-14,-200.0,-162.38958883815025,0.8361168473977372,True
2026-03-14 11:30:00,2026-03-14,-200.0,-162.9091775386454,0.826434596330849,True
2026-03-14 12:00:00,2026-03-14,-200.0,-182.04632274704616,0.8931672493312319,True
2026-03-14 12:30:00,2026-03-14,-200.0,-174.61040591228058,0.8843915313094348,True
2026-03-14 13:00:00,2026-03-14,-200.0,-178.55231360613965,0.8845325001871032,True
2026-03-14 13:30:00,2026-03-14,-200.0,-193.77677551320076,0.9149492593183852,True
2026-03-14 14:00:00,2026-03-14,-200.0,-194.31124058163292,0.9197648982825471,True
2026-03-14 14:30:00,2026-03-14,-144.15,-192.73123970846444,0.9116505356778684,True
2026-03-14 15:00:00,2026-03-14,171.49,-1.0,0.5851548847866839,True
2026-03-14 15:30:00,2026-03-14,260.93,269.31011840206463,0.0,False
2026-03-14 16:00:00,2026-03-14,264.41,273.9115536367488,0.0,False
2026-03-14 16:30:00,2026-03-14,279.89,293.8957851426562,0.0,False
2026-03-14 17:00:00,2026-03-14,292.47,301.87095529667874,0.0,False
2026-03-14 17:30:00,2026-03-14,290.38,291.91616548905466,0.0,False
2026-03-14 18:00:00,2026-03-14,290.36,291.88338436417416,0.0,False
2026-03-14 18:30:00,2026-03-14,299.89,308.0453720371371,0.0,False
2026-03-14 19:00:00,2026-03-14,301.9,313.5439966112152,0.0,False
2026-03-14 19:30:00,2026-03-14,296.54,303.8770621835821,0.0,False
2026-03-14 20:00:00,2026-03-14,289.98,293.9069164272024,0.0,False
2026-03-14 20:30:00,2026-03-14,297.93,299.82733035097465,0.0,False
2026-03-14 21:00:00,2026-03-14,293.41,303.9118098452193,0.0,False
2026-03-14 21:30:00,2026-03-14,288.89,299.9857667972193,0.0,False
2026-03-14 22:00:00,2026-03-14,288.28,301.98928996446057,0.0,False
2026-03-14 22:30:00,2026-03-14,306.46,313.25507148041874,0.0,False
2026-03-14 23:00:00,2026-03-14,333.59,317.52871435862045,0.0,False
2026-03-14 23:30:00,2026-03-14,307.44,301.99527928501334,0.0,False
2026-03-15 00:00:00,2026-03-14,293.8,287.99464509644275,0.0,False
